participant.id_in_session,participant.code,participant.label,participant._is_bot,participant._index_in_pages,participant._max_page_index,participant._current_app_name,participant._current_page_name,participant.time_started,participant.visited,participant.mturk_worker_id,participant.mturk_assignment_id,participant.payoff,participant.payoff_plus_participation_fee,session.code,session.label,session.mturk_HITId,session.mturk_HITGroupId,session.comment,session.is_demo,session.config.treatment,session.config.real_world_currency_per_point,session.config.participation_fee,prolific_id.1.player.id_in_group,prolific_id.1.player.prolific_id,prolific_id.1.player.code,prolific_id.1.player.payoff,prolific_id.1.group.id_in_subsession,prolific_id.1.subsession.round_number,prolific_MPL.1.player.id_in_group,prolific_MPL.1.player.check_instr_1,prolific_MPL.1.player.check_instr_2,prolific_MPL.1.player.HL_1,prolific_MPL.1.player.HL_2,prolific_MPL.1.player.HL_3,prolific_MPL.1.player.HL_4,prolific_MPL.1.player.HL_5,prolific_MPL.1.player.HL_6,prolific_MPL.1.player.HL_7,prolific_MPL.1.player.HL_8,prolific_MPL.1.player.HL_9,prolific_MPL.1.player.HL_10,prolific_MPL.1.player.HL,prolific_MPL.1.player.sex,prolific_MPL.1.player.age,prolific_MPL.1.player.comment,prolific_MPL.1.player.like,prolific_MPL.1.player.payoff,prolific_MPL.1.group.id_in_subsession,prolific_MPL.1.subsession.round_number,prolific_end.1.player.id_in_group,prolific_end.1.player.payoff,prolific_end.1.group.id_in_subsession,prolific_end.1.subsession.round_number
1,ft3rev9i,,0,6,6,prolific_end,End,2021-02-04 20:11:47.809103+00:00,1,,,0.70,0.70,ssimrba9,,,,,1,control,0.0,0.00,1,123456789123456789123456,XC97R,0.00,1,1,1,0,0,1,1,1,2,2,2,2,2,2,2,,He,19,,3,0.70,1,1,1,0.00,1,1
2,odu6nfat,,0,0,6,,,,0,,,0.00,0.00,ssimrba9,,,,,1,control,0.0,0.00,2,,,0.00,1,1,2,,,,,,,,,,,,,,,,,,0.00,1,1,2,0.00,1,1
3,qxjmt2s0,,0,0,6,,,,0,,,0.00,0.00,ssimrba9,,,,,1,control,0.0,0.00,3,,,0.00,1,1,3,,,,,,,,,,,,,,,,,,0.00,1,1,3,0.00,1,1
4,zfqc76t8,,0,0,6,,,,0,,,0.00,0.00,ssimrba9,,,,,1,control,0.0,0.00,4,,,0.00,1,1,4,,,,,,,,,,,,,,,,,,0.00,1,1,4,0.00,1,1
5,dyloyzoh,,0,0,6,,,,0,,,0.00,0.00,ssimrba9,,,,,1,control,0.0,0.00,5,,,0.00,1,1,5,,,,,,,,,,,,,,,,,,0.00,1,1,5,0.00,1,1
1,a8eikyet,,0,6,6,prolific_end,End,2021-02-05 09:35:08.728329+00:00,1,,,0.10,0.10,l7au0ml3,,,,,0,control,0.0,0.00,1,123456789123456789123456,XC97R,0.00,1,1,1,0,0,1,1,2,2,2,1,2,1,2,1,,He,21,"just a trial, but wonderful experiment",5,0.10,1,1,1,0.00,1,1
2,kd2dns9t,,0,6,6,prolific_end,End,2021-02-05 09:54:40.299802+00:00,1,,,1.80,1.80,l7au0ml3,,,,,0,control,0.0,0.00,2,5fb1bdd5dc59737020cdfb5e,XC97R,0.00,1,1,2,0,0,2,2,1,1,2,1,2,2,2,1,2,She,20,,3,1.80,1,1,2,0.00,1,1
3,jpswpu7b,,0,6,6,prolific_end,End,2021-02-05 09:55:23.730397+00:00,1,,,0.70,0.70,l7au0ml3,,,,,0,control,0.0,0.00,3,5f51292bd904fa31bd519280,XC97R,0.00,1,1,3,0,0,1,1,1,1,2,2,2,2,2,2,2,He,25,,5,0.70,1,1,3,0.00,1,1
4,szsfzz0x,,0,6,6,prolific_end,End,2021-02-05 09:55:38.975980+00:00,1,,,0.70,0.70,l7au0ml3,,,,,0,control,0.0,0.00,4,60193745c8295b026e58ffb0,XC97R,0.00,1,1,4,0,0,1,1,1,1,1,1,1,2,2,2,1,He,19,It made me feel that I'm risking something even when I was above to win in every case. Interesting!,5,0.70,1,1,4,0.00,1,1
5,7srwjcj0,,0,6,6,prolific_end,End,2021-02-05 09:55:39.928093+00:00,1,,,1.80,1.80,l7au0ml3,,,,,0,control,0.0,0.00,5,5d95b8fb7c6bbc0013674753,XC97R,0.00,1,1,5,0,0,2,1,1,2,2,1,2,1,1,2,,She,30,,4,1.80,1,1,5,0.00,1,1
6,d3tt3lcx,,0,1,6,prolific_id,ProlificID,2021-02-05 09:55:44.207838+00:00,1,,,0.00,0.00,l7au0ml3,,,,,0,control,0.0,0.00,6,,,0.00,1,1,6,,,,,,,,,,,,,,,,,,0.00,1,1,6,0.00,1,1
7,q9ks08ta,,0,6,6,prolific_end,End,2021-02-05 09:55:45.041163+00:00,1,,,0.70,0.70,l7au0ml3,,,,,0,control,0.0,0.00,7,5fba5e6d9d68a19e88fe7ef5,XC97R,0.00,1,1,7,0,0,1,1,1,1,1,2,2,2,2,2,2,She,23,,5,0.70,1,1,7,0.00,1,1
8,ndgiif9e,,0,6,6,prolific_end,End,2021-02-05 09:55:47.164150+00:00,1,,,0.70,0.70,l7au0ml3,,,,,0,control,0.0,0.00,8,5f560c6dc8978c2120ef359c,XC97R,0.00,1,1,8,0,0,1,1,1,1,1,2,2,2,2,2,,He,26,,5,0.70,1,1,8,0.00,1,1
9,gulplfcl,,0,6,6,prolific_end,End,2021-02-05 09:55:57.382242+00:00,1,,,0.10,0.10,l7au0ml3,,,,,0,control,0.0,0.00,9,5fe0d5101f2ef9a760961e24,XC97R,0.00,1,1,9,0,0,1,1,1,2,2,2,2,2,2,2,2,He,39,,4,0.10,1,1,9,0.00,1,1
10,dd7t9n6v,,0,6,6,prolific_end,End,2021-02-05 09:56:09.199703+00:00,1,,,0.90,0.90,l7au0ml3,,,,,0,control,0.0,0.00,10,5f862e8d85b71e1791feb730,XC97R,0.00,1,1,10,0,0,1,1,1,1,1,1,1,2,2,2,,He,31,,5,0.90,1,1,10,0.00,1,1
11,05erea5x,,0,6,6,prolific_end,End,2021-02-05 09:56:27.724332+00:00,1,,,0.10,0.10,l7au0ml3,,,,,0,control,0.0,0.00,11,5c548bf9aba7d60001f1f41a,XC97R,0.00,1,1,11,0,0,1,1,1,2,2,2,2,2,2,2,1,He,21,,4,0.10,1,1,11,0.00,1,1
12,46vjajdd,,0,6,6,prolific_end,End,2021-02-05 10:10:45.746914+00:00,1,,,1.80,1.80,l7au0ml3,,,,,0,control,0.0,0.00,12,5fcfca16b5f39515037d6724,XC97R,0.00,1,1,12,0,0,2,1,2,1,2,1,1,2,2,2,,She,28,This was fun.,5,1.80,1,1,12,0.00,1,1
13,0d9lf0dh,,0,0,6,,,,0,,,0.00,0.00,l7au0ml3,,,,,0,control,0.0,0.00,13,,,0.00,1,1,13,,,,,,,,,,,,,,,,,,0.00,1,1,13,0.00,1,1
14,va6bfq05,,0,0,6,,,,0,,,0.00,0.00,l7au0ml3,,,,,0,control,0.0,0.00,14,,,0.00,1,1,14,,,,,,,,,,,,,,,,,,0.00,1,1,14,0.00,1,1
15,by28russ,,0,0,6,,,,0,,,0.00,0.00,l7au0ml3,,,,,0,control,0.0,0.00,15,,,0.00,1,1,15,,,,,,,,,,,,,,,,,,0.00,1,1,15,0.00,1,1
16,3mks59xu,,0,0,6,,,,0,,,0.00,0.00,l7au0ml3,,,,,0,control,0.0,0.00,16,,,0.00,1,1,16,,,,,,,,,,,,,,,,,,0.00,1,1,16,0.00,1,1
17,y6gt6rnl,,0,0,6,,,,0,,,0.00,0.00,l7au0ml3,,,,,0,control,0.0,0.00,17,,,0.00,1,1,17,,,,,,,,,,,,,,,,,,0.00,1,1,17,0.00,1,1
18,xpn1xgr0,,0,0,6,,,,0,,,0.00,0.00,l7au0ml3,,,,,0,control,0.0,0.00,18,,,0.00,1,1,18,,,,,,,,,,,,,,,,,,0.00,1,1,18,0.00,1,1
19,7ixk54kz,,0,0,6,,,,0,,,0.00,0.00,l7au0ml3,,,,,0,control,0.0,0.00,19,,,0.00,1,1,19,,,,,,,,,,,,,,,,,,0.00,1,1,19,0.00,1,1
20,2pfl4oo8,,0,0,6,,,,0,,,0.00,0.00,l7au0ml3,,,,,0,control,0.0,0.00,20,,,0.00,1,1,20,,,,,,,,,,,,,,,,,,0.00,1,1,20,0.00,1,1
21,wnaf0dta,,0,0,6,,,,0,,,0.00,0.00,l7au0ml3,,,,,0,control,0.0,0.00,21,,,0.00,1,1,21,,,,,,,,,,,,,,,,,,0.00,1,1,21,0.00,1,1
22,3cgunh1s,,0,0,6,,,,0,,,0.00,0.00,l7au0ml3,,,,,0,control,0.0,0.00,22,,,0.00,1,1,22,,,,,,,,,,,,,,,,,,0.00,1,1,22,0.00,1,1
23,dvxwurfs,,0,0,6,,,,0,,,0.00,0.00,l7au0ml3,,,,,0,control,0.0,0.00,23,,,0.00,1,1,23,,,,,,,,,,,,,,,,,,0.00,1,1,23,0.00,1,1
24,1s0lb1e7,,0,0,6,,,,0,,,0.00,0.00,l7au0ml3,,,,,0,control,0.0,0.00,24,,,0.00,1,1,24,,,,,,,,,,,,,,,,,,0.00,1,1,24,0.00,1,1
25,5yn5cxch,,0,0,6,,,,0,,,0.00,0.00,l7au0ml3,,,,,0,control,0.0,0.00,25,,,0.00,1,1,25,,,,,,,,,,,,,,,,,,0.00,1,1,25,0.00,1,1
26,8h2onzcf,,0,0,6,,,,0,,,0.00,0.00,l7au0ml3,,,,,0,control,0.0,0.00,26,,,0.00,1,1,26,,,,,,,,,,,,,,,,,,0.00,1,1,26,0.00,1,1
27,gfs16q68,,0,0,6,,,,0,,,0.00,0.00,l7au0ml3,,,,,0,control,0.0,0.00,27,,,0.00,1,1,27,,,,,,,,,,,,,,,,,,0.00,1,1,27,0.00,1,1
28,sx3xya15,,0,0,6,,,,0,,,0.00,0.00,l7au0ml3,,,,,0,control,0.0,0.00,28,,,0.00,1,1,28,,,,,,,,,,,,,,,,,,0.00,1,1,28,0.00,1,1
29,su5rlis4,,0,0,6,,,,0,,,0.00,0.00,l7au0ml3,,,,,0,control,0.0,0.00,29,,,0.00,1,1,29,,,,,,,,,,,,,,,,,,0.00,1,1,29,0.00,1,1
30,5e3vz07z,,0,0,6,,,,0,,,0.00,0.00,l7au0ml3,,,,,0,control,0.0,0.00,30,,,0.00,1,1,30,,,,,,,,,,,,,,,,,,0.00,1,1,30,0.00,1,1
31,vn56qpbb,,0,0,6,,,,0,,,0.00,0.00,l7au0ml3,,,,,0,control,0.0,0.00,31,,,0.00,1,1,31,,,,,,,,,,,,,,,,,,0.00,1,1,31,0.00,1,1
32,dgq2tvu8,,0,0,6,,,,0,,,0.00,0.00,l7au0ml3,,,,,0,control,0.0,0.00,32,,,0.00,1,1,32,,,,,,,,,,,,,,,,,,0.00,1,1,32,0.00,1,1
33,ldf8zs56,,0,0,6,,,,0,,,0.00,0.00,l7au0ml3,,,,,0,control,0.0,0.00,33,,,0.00,1,1,33,,,,,,,,,,,,,,,,,,0.00,1,1,33,0.00,1,1
34,afuj0rbn,,0,0,6,,,,0,,,0.00,0.00,l7au0ml3,,,,,0,control,0.0,0.00,34,,,0.00,1,1,34,,,,,,,,,,,,,,,,,,0.00,1,1,34,0.00,1,1
35,0mno6ipy,,0,0,6,,,,0,,,0.00,0.00,l7au0ml3,,,,,0,control,0.0,0.00,35,,,0.00,1,1,35,,,,,,,,,,,,,,,,,,0.00,1,1,35,0.00,1,1
36,rcoye50u,,0,0,6,,,,0,,,0.00,0.00,l7au0ml3,,,,,0,control,0.0,0.00,36,,,0.00,1,1,36,,,,,,,,,,,,,,,,,,0.00,1,1,36,0.00,1,1
37,0nwyzv5u,,0,0,6,,,,0,,,0.00,0.00,l7au0ml3,,,,,0,control,0.0,0.00,37,,,0.00,1,1,37,,,,,,,,,,,,,,,,,,0.00,1,1,37,0.00,1,1
38,w22bfd1j,,0,0,6,,,,0,,,0.00,0.00,l7au0ml3,,,,,0,control,0.0,0.00,38,,,0.00,1,1,38,,,,,,,,,,,,,,,,,,0.00,1,1,38,0.00,1,1
39,k4kmo6z2,,0,0,6,,,,0,,,0.00,0.00,l7au0ml3,,,,,0,control,0.0,0.00,39,,,0.00,1,1,39,,,,,,,,,,,,,,,,,,0.00,1,1,39,0.00,1,1
40,ue3idaco,,0,0,6,,,,0,,,0.00,0.00,l7au0ml3,,,,,0,control,0.0,0.00,40,,,0.00,1,1,40,,,,,,,,,,,,,,,,,,0.00,1,1,40,0.00,1,1
