session_id,participant_id,status,started_datetime,completed_date_time,time_taken,age,num_approvals,num_rejections,prolific_score,reviewed_at_datetime,entered_code,Country of Birth,Current Country of Residence,Employment Status,First Language,Nationality,Sex,Student Status
601d15de0fddd503b8c494d0,5fb1bdd5dc59737020cdfb5e,AWAITING REVIEW,2021-02-05 09:54:38.100000,2021-02-05 09:59:19.007000,280.907,20,25,0,100,,7D04665D,Poland,Poland,Unemployed (and job seeking),DATA EXPIRED,Poland,Female,Yes
601d1606c12f23058f90508d,5f51292bd904fa31bd519280,AWAITING REVIEW,2021-02-05 09:55:21.550000,2021-02-05 09:59:13.421000,231.871,25,27,0,100,,7D04665D,Iran,Italy,Unemployed (and job seeking),DATA EXPIRED,Iran,Male,Yes
601d1611a29ceb0599852173,5f1f04c1604e3508877cf62a,RETURNED,2021-02-05 09:55:42.284000,,1354.158599,23,37,1,99,,,CONSENT REVOKED,CONSENT REVOKED,CONSENT REVOKED,CONSENT REVOKED,CONSENT REVOKED,CONSENT REVOKED,CONSENT REVOKED
601d1618dca960058fab427d,60193745c8295b026e58ffb0,AWAITING REVIEW,2021-02-05 09:55:35.997000,2021-02-05 10:02:55.299000,439.302,19,0,0,100,,7D04665D,Poland,,Unemployed (and job seeking),,Poland,Male,Yes
601d16191b77080528217123,5d95b8fb7c6bbc0013674753,AWAITING REVIEW,2021-02-05 09:55:37.969000,2021-02-05 09:58:50.814000,192.845,30,97,1,100,,7D04665D,Italy,Italy,Unemployed (and job seeking),Italian,Italy,Female,Yes
601d161da622f60525b5ffd3,5fba5e6d9d68a19e88fe7ef5,AWAITING REVIEW,2021-02-05 09:55:41.786000,2021-02-05 10:01:00.595000,318.809,23,15,0,100,,7D04665D,Greece,Greece,Unemployed (and job seeking),,Greece,Female,Yes
601d162069911a051dbfd26c,5f560c6dc8978c2120ef359c,AWAITING REVIEW,2021-02-05 09:55:44.377000,2021-02-05 09:58:21.656000,157.279,26,10,0,100,,7D04665D,Estonia,Estonia,Full-Time,,Estonia,Male,No
601d162a32e53504a7ffcaa2,5fe0d5101f2ef9a760961e24,AWAITING REVIEW,2021-02-05 09:55:54.817000,2021-02-05 09:59:54.408000,239.591,39,11,0,100,,7D04665D,Italy,Italy,Full-Time,DATA EXPIRED,Italy,Male,No
601d16350225a805953edcc0,5f862e8d85b71e1791feb730,AWAITING REVIEW,2021-02-05 09:56:05.420000,2021-02-05 10:02:58.420000,413.0,30,13,0,100,,7D04665D,Italy,Italy,Full-Time,DATA EXPIRED,Italy,Male,Yes
601d1644c67525051b837656,5c548bf9aba7d60001f1f41a,AWAITING REVIEW,2021-02-05 09:56:26.188000,2021-02-05 10:01:52.317000,326.129,21,82,2,98,,7D04665D,Poland,Poland,Unemployed (and job seeking),Polish,Poland,Male,Yes
601d18a0a0bd00058f79b0b2,5fcfca16b5f39515037d6724,AWAITING REVIEW,2021-02-05 10:10:32.231000,2021-02-05 10:16:32.481000,360.25,28,22,1,99,,7D04665D,South Africa,South Africa,Full-Time,DATA EXPIRED,South Africa,Female,No
